# START,method=6,KR=0.2220,TI=0.0,KI=0.00000,H=0.50,L=0.0,DELTA_T=16.60,T_P=307,CTRL_CH=2,T_amb=22.082
t_s,phase,r,T1,T2,T3,c,e,u,heater,I_term
0.0,AP,5.00,22.9899,22.9846,23.0322,0.9502,4.0498,1.0000,1,0.0000
1.0,AP,5.00,22.9908,22.9810,23.0285,0.9465,4.0535,1.0000,1,0.0000
2.0,AP,5.00,22.9859,22.9802,23.0262,0.9442,4.0558,1.0000,1,0.0000
3.0,AP,5.00,22.9915,22.9789,23.0239,0.9419,4.0581,1.0000,1,0.0000
4.0,AP,5.00,22.9872,22.9767,23.0205,0.9385,4.0615,1.0000,1,0.0000
5.0,AP,5.00,22.9991,22.9708,23.0154,0.9334,4.0666,1.0000,1,0.0000
6.0,AP,5.00,23.0126,22.9708,23.0125,0.9305,4.0695,1.0000,1,0.0000
7.0,AP,5.00,23.0360,22.9670,23.0172,0.9352,4.0648,1.0000,1,0.0000
8.0,AP,5.00,23.0644,22.9666,23.0304,0.9484,4.0516,1.0000,1,0.0000
9.0,AP,5.00,23.1064,22.9718,23.0312,0.9492,4.0508,1.0000,1,0.0000
10.0,AP,5.00,23.1585,22.9753,23.0341,0.9521,4.0479,1.0000,1,0.0000
11.0,AP,5.00,23.2062,22.9760,23.0374,0.9554,4.0446,1.0000,1,0.0000
12.0,AP,5.00,23.2685,22.9826,23.0395,0.9575,4.0425,1.0000,1,0.0000
13.0,AP,5.00,23.3334,22.9872,23.0375,0.9555,4.0445,1.0000,1,0.0000
14.0,AP,5.00,23.3951,22.9985,23.0473,0.9653,4.0347,1.0000,1,0.0000
15.0,AP,5.00,23.4650,23.0087,23.0503,0.9683,4.0317,1.0000,1,0.0000
16.0,AP,5.00,23.5353,23.0175,23.0543,0.9723,4.0277,1.0000,1,0.0000
17.0,AP,5.00,23.6094,23.0427,23.0551,0.9731,4.0269,1.0000,1,0.0000
18.0,AP,5.00,23.6940,23.0579,23.0566,0.9746,4.0254,1.0000,1,0.0000
19.0,AP,5.00,23.7690,23.0780,23.0726,0.9906,4.0094,1.0000,1,0.0000
20.0,AP,5.00,23.8491,23.0957,23.0759,0.9939,4.0061,1.0000,1,0.0000
21.0,AP,5.00,23.9420,23.1183,23.0702,0.9882,4.0118,1.0000,1,0.0000
22.0,AP,5.00,24.0269,23.1373,23.0746,0.9926,4.0074,1.0000,1,0.0000
23.0,AP,5.00,24.1101,23.1645,23.0904,1.0084,3.9916,1.0000,1,0.0000
24.0,AP,5.00,24.1911,23.1886,23.0925,1.0105,3.9895,1.0000,1,0.0000
25.0,AP,5.00,24.2756,23.2184,23.1002,1.0182,3.9818,1.0000,1,0.0000
26.0,AP,5.00,24.3565,23.2482,23.1058,1.0238,3.9762,1.0000,1,0.0000
27.0,AP,5.00,24.4309,23.2769,23.1288,1.0468,3.9532,1.0000,1,0.0000
28.0,AP,5.00,24.5123,23.3093,23.1465,1.0645,3.9355,1.0000,1,0.0000
29.0,AP,5.00,24.5941,23.3436,23.1612,1.0792,3.9208,1.0000,1,0.0000
30.0,AP,5.00,24.6757,23.3779,23.1690,1.0870,3.9130,1.0000,1,0.0000
31.0,AP,5.00,24.7568,23.4171,23.1848,1.1028,3.8972,1.0000,1,0.0000
32.0,AP,5.00,24.8378,23.4461,23.2049,1.1229,3.8771,1.0000,1,0.0000
33.0,AP,5.00,24.9268,23.4836,23.2207,1.1387,3.8613,1.0000,1,0.0000
34.0,AP,5.00,25.0050,23.5153,23.2346,1.1526,3.8474,1.0000,1,0.0000
35.0,AP,5.00,25.0804,23.5570,23.2516,1.1696,3.8304,1.0000,1,0.0000
36.0,AP,5.00,25.1596,23.5923,23.2816,1.1996,3.8004,1.0000,1,0.0000
37.0,AP,5.00,25.2373,23.6287,23.3005,1.2185,3.7815,1.0000,1,0.0000
38.0,AP,5.00,25.3199,23.6717,23.3150,1.2330,3.7670,1.0000,1,0.0000
39.0,AP,5.00,25.3932,23.7101,23.3334,1.2514,3.7486,1.0000,1,0.0000
40.0,AP,5.00,25.4742,23.7484,23.3468,1.2648,3.7352,1.0000,1,0.0000
41.0,AP,5.00,25.5516,23.7909,23.3559,1.2739,3.7261,1.0000,1,0.0000
42.0,AP,5.00,25.6395,23.8317,23.3770,1.2950,3.7050,1.0000,1,0.0000
43.0,AP,5.00,25.7196,23.8715,23.4017,1.3197,3.6803,1.0000,1,0.0000
44.0,AP,5.00,25.7980,23.9156,23.4242,1.3422,3.6578,1.0000,1,0.0000
45.0,AP,5.00,25.8679,23.9563,23.4668,1.3848,3.6152,1.0000,1,0.0000
46.0,AP,5.00,25.9407,24.0033,23.4886,1.4066,3.5934,1.0000,1,0.0000
47.0,AP,5.00,26.0194,24.0417,23.5164,1.4344,3.5656,1.0000,1,0.0000
48.0,AP,5.00,26.0930,24.0900,23.5439,1.4619,3.5381,1.0000,1,0.0000
49.0,AP,5.00,26.1685,24.1364,23.5730,1.4910,3.5090,1.0000,1,0.0000
50.0,AP,5.00,26.2213,24.1824,23.6069,1.5249,3.4751,0.9962,1,0.0000
51.0,AP,5.00,26.2919,24.2391,23.6353,1.5533,3.4467,0.9962,1,0.0000
52.0,AP,5.00,26.3708,24.2888,23.6666,1.5846,3.4154,0.9962,1,0.0000
53.0,AP,5.00,26.4399,24.3377,23.6982,1.6162,3.3838,0.9962,1,0.0000
54.0,AP,5.00,26.5144,24.3814,23.7329,1.6509,3.3491,0.9962,1,0.0000
55.0,AP,5.00,26.5863,24.4290,23.7835,1.7015,3.2985,0.9962,1,0.0000
56.0,AP,5.00,26.6624,24.4776,23.8132,1.7312,3.2688,0.9962,1,0.0000
57.0,AP,5.00,26.7498,24.5279,23.8477,1.7657,3.2343,0.9962,1,0.0000
58.0,AP,5.00,26.8262,24.5724,23.8849,1.8029,3.1971,0.9962,1,0.0000
59.0,AP,5.00,26.8971,24.6242,23.9276,1.8456,3.1544,0.9962,1,0.0000
60.0,AP,5.00,26.9677,24.6712,23.9649,1.8829,3.1171,0.9246,1,0.0000
61.0,AP,5.00,27.0365,24.7216,24.0023,1.9203,3.0797,0.9246,1,0.0000
62.0,AP,5.00,27.1071,24.7704,24.0376,1.9556,3.0444,0.9246,1,0.0000
63.0,AP,5.00,27.1756,24.8159,24.0767,1.9947,3.0053,0.9246,1,0.0000
64.0,AP,5.00,27.2544,24.8659,24.1307,2.0487,2.9513,0.9246,1,0.0000
65.0,AP,5.00,27.3254,24.9130,24.1668,2.0848,2.9152,0.9246,1,0.0000
66.0,AP,5.00,27.3889,24.9632,24.2014,2.1194,2.8806,0.9246,1,0.0000
67.0,AP,5.00,27.4566,25.0079,24.2353,2.1533,2.8467,0.9246,1,0.0000
68.0,AP,5.00,27.5153,25.0527,24.2719,2.1899,2.8101,0.9246,1,0.0000
69.0,AP,5.00,27.5719,25.0989,24.3065,2.2245,2.7755,0.9246,1,0.0000
70.0,AP,5.00,27.6209,25.1396,24.3463,2.2643,2.7357,0.8483,1,0.0000
71.0,AP,5.00,27.6776,25.1827,24.3844,2.3024,2.6976,0.8483,1,0.0000
72.0,AP,5.00,27.7443,25.2268,24.4241,2.3421,2.6579,0.8483,1,0.0000
73.0,AP,5.00,27.7965,25.2715,24.4608,2.3788,2.6212,0.8483,1,0.0000
74.0,AP,5.00,27.8508,25.3165,24.4978,2.4158,2.5842,0.8483,1,0.0000
75.0,AP,5.00,27.8972,25.3586,24.5351,2.4531,2.5469,0.8483,1,0.0000
76.0,AP,5.00,27.9470,25.4026,24.5774,2.4954,2.5046,0.8483,1,0.0000
77.0,AP,5.00,27.9891,25.4439,24.6262,2.5442,2.4558,0.8483,1,0.0000
78.0,AP,5.00,28.0328,25.4846,24.6645,2.5825,2.4175,0.8483,1,0.0000
79.0,AP,5.00,28.0822,25.5230,24.6989,2.6169,2.3831,0.8483,1,0.0000
80.0,AP,5.00,28.1305,25.5660,24.7357,2.6537,2.3463,0.7705,1,0.0000
81.0,AP,5.00,28.1743,25.6071,24.7696,2.6876,2.3124,0.7705,1,0.0000
82.0,AP,5.00,28.2137,25.6493,24.8070,2.7250,2.2750,0.7705,1,0.0000
83.0,AP,5.00,28.2593,25.6897,24.8452,2.7632,2.2368,0.7705,1,0.0000
84.0,AP,5.00,28.2977,25.7346,24.8765,2.7945,2.2055,0.7705,1,0.0000
85.0,AP,5.00,28.3413,25.7719,24.9012,2.8192,2.1808,0.7705,1,0.0000
86.0,AP,5.00,28.3785,25.8122,24.9384,2.8564,2.1436,0.7705,1,0.0000
87.0,AP,5.00,28.4171,25.8475,24.9751,2.8931,2.1069,0.7705,1,0.0000
88.0,AP,5.00,28.4521,25.8868,25.0108,2.9288,2.0712,0.7705,1,0.0000
89.0,AP,5.00,28.4899,25.9199,25.0461,2.9641,2.0359,0.7705,1,0.0000
90.0,AP,5.00,28.5183,25.9544,25.0807,2.9987,2.0013,0.7015,1,0.0000
91.0,AP,5.00,28.5489,25.9894,25.1160,3.0340,1.9660,0.7015,1,0.0000
92.0,AP,5.00,28.5779,26.0276,25.1532,3.0712,1.9288,0.7015,1,0.0000
93.0,AP,5.00,28.6095,26.0622,25.1894,3.1074,1.8926,0.7015,1,0.0000
94.0,AP,5.00,28.6436,26.0964,25.2295,3.1475,1.8525,0.7015,1,0.0000
95.0,AP,5.00,28.6761,26.1400,25.2831,3.2010,1.7990,0.7015,1,0.0000
96.0,AP,5.00,28.7054,26.1725,25.3199,3.2379,1.7621,0.7015,1,0.0000
97.0,AP,5.00,28.7356,26.2076,25.3576,3.2756,1.7244,0.7015,1,0.0000
98.0,AP,5.00,28.7635,26.2420,25.3920,3.3100,1.6900,0.7015,1,0.0000
99.0,AP,5.00,28.7955,26.2694,25.4292,3.3472,1.6528,0.7015,1,0.0000
100.0,AP,5.00,28.8177,26.2995,25.4643,3.3823,1.6177,0.6248,1,0.0000
101.0,AP,5.00,28.8430,26.3385,25.5013,3.4193,1.5807,0.6248,1,0.0000
102.0,AP,5.00,28.8695,26.3690,25.5371,3.4551,1.5449,0.6248,1,0.0000
103.0,AP,5.00,28.8933,26.4047,25.5712,3.4892,1.5108,0.6248,1,0.0000
104.0,AP,5.00,28.9178,26.4381,25.6083,3.5263,1.4737,0.6248,1,0.0000
105.0,AP,5.00,28.9473,26.4724,25.6471,3.5651,1.4349,0.6248,1,0.0000
106.0,AP,5.00,28.9691,26.5058,25.6832,3.6012,1.3988,0.6248,1,0.0000
107.0,AP,5.00,28.9938,26.5331,25.7168,3.6348,1.3652,0.6248,1,0.0000
108.0,AP,5.00,29.0136,26.5615,25.7556,3.6736,1.3264,0.6248,1,0.0000
109.0,AP,5.00,29.0401,26.5963,25.7969,3.7149,1.2851,0.6248,1,0.0000
110.0,AP,5.00,29.0727,26.6271,25.8304,3.7484,1.2516,0.5515,1,0.0000
111.0,AP,5.00,29.0928,26.6539,25.8639,3.7819,1.2181,0.5515,1,0.0000
112.0,AP,5.00,29.1116,26.6845,25.8980,3.8160,1.1840,0.5515,1,0.0000
113.0,AP,5.00,29.1439,26.7177,25.9289,3.8469,1.1531,0.5515,1,0.0000
114.0,AP,5.00,29.1512,26.7437,25.9625,3.8805,1.1195,0.5515,1,0.0000
115.0,AP,5.00,29.1641,26.7741,25.9946,3.9126,1.0874,0.5515,1,0.0000
116.0,AP,5.00,29.1753,26.8004,26.0271,3.9451,1.0549,0.5515,1,0.0000
117.0,AP,5.00,29.1870,26.8246,26.0544,3.9724,1.0276,0.5515,1,0.0000
118.0,AP,5.00,29.1927,26.8453,26.0779,3.9958,1.0042,0.5515,1,0.0000
119.0,AP,5.00,29.2000,26.8690,26.1058,4.0238,0.9762,0.5515,1,0.0000
120.0,AP,5.00,29.2151,26.8940,26.1347,4.0527,0.9473,0.4907,1,0.0000
121.0,AP,5.00,29.2269,26.9173,26.1679,4.0859,0.9141,0.4907,1,0.0000
122.0,AP,5.00,29.2386,26.9382,26.2020,4.1200,0.8800,0.4907,1,0.0000
123.0,AP,5.00,29.2341,26.9671,26.2266,4.1446,0.8554,0.4907,1,0.0000
124.0,AP,5.00,29.2474,26.9906,26.2592,4.1772,0.8228,0.4907,1,0.0000
125.0,AP,5.00,29.2600,27.0143,26.2893,4.2073,0.7927,0.4907,1,0.0000
126.0,AP,5.00,29.2749,27.0377,26.3213,4.2393,0.7607,0.4907,1,0.0000
127.0,AP,5.00,29.2831,27.0649,26.3547,4.2727,0.7273,0.4907,1,0.0000
128.0,AP,5.00,29.2926,27.0878,26.3828,4.3008,0.6992,0.4907,1,0.0000
129.0,AP,5.00,29.3062,27.1138,26.4102,4.3282,0.6718,0.4907,1,0.0000
130.0,AP,5.00,29.3177,27.1397,26.4370,4.3549,0.6451,0.4302,1,0.0000
131.0,AP,5.00,29.3229,27.1561,26.4650,4.3830,0.6170,0.4302,1,0.0000
132.0,AP,5.00,29.3268,27.1716,26.4974,4.4154,0.5846,0.4302,1,0.0000
133.0,AP,5.00,29.3323,27.1938,26.5240,4.4420,0.5580,0.4302,1,0.0000
134.0,AP,5.00,29.3348,27.2159,26.5518,4.4698,0.5302,0.4302,1,0.0000
135.0,AP,5.00,29.3333,27.2315,26.5741,4.4921,0.5079,0.4302,1,0.0000
136.0,AP,5.00,29.3293,27.2493,26.5960,4.5140,0.4860,0.4302,1,0.0000
137.0,AP,5.00,29.3312,27.2658,26.6166,4.5346,0.4654,0.4302,1,0.0000
138.0,AP,5.00,29.3306,27.2816,26.6373,4.5553,0.4447,0.4302,1,0.0000
139.0,AP,5.00,29.3264,27.2961,26.6563,4.5743,0.4257,0.4302,1,0.0000
140.0,AP,5.00,29.3345,27.3099,26.6775,4.5955,0.4045,0.3821,1,0.0000
141.0,AP,5.00,29.3391,27.3270,26.6991,4.6171,0.3829,0.3821,1,0.0000
142.0,AP,5.00,29.3412,27.3361,26.7215,4.6395,0.3605,0.3821,1,0.0000
143.0,AP,5.00,29.3419,27.3549,26.7460,4.6640,0.3360,0.3821,1,0.0000
144.0,AP,5.00,29.3428,27.3673,26.7645,4.6825,0.3175,0.3821,1,0.0000
145.0,AP,5.00,29.3380,27.3808,26.7825,4.7005,0.2995,0.3821,1,0.0000
146.0,AP,5.00,29.3358,27.3877,26.8007,4.7187,0.2813,0.3821,1,0.0000
147.0,AP,5.00,29.3316,27.3952,26.8234,4.7414,0.2586,0.3821,1,0.0000
148.0,AP,5.00,29.3272,27.4088,26.8450,4.7630,0.2370,0.3821,1,0.0000
149.0,AP,5.00,29.3218,27.4175,26.8625,4.7805,0.2195,0.3821,1,0.0000
# APPROACH done at t_s=150
150.0,F0,5.00,29.3148,27.4307,26.8841,4.8021,0.1979,0.3408,1,0.0000
151.0,F0,5.00,29.3121,27.4436,26.9074,4.8254,0.1746,0.3408,1,0.0000
152.0,F0,5.00,29.3123,27.4608,26.9316,4.8496,0.1504,0.3408,1,0.0000
153.0,F0,5.00,29.3124,27.4747,26.9511,4.8691,0.1309,0.3408,1,0.0000
154.0,F0,5.00,29.3113,27.4886,26.9764,4.8944,0.1056,0.3408,1,0.0000
155.0,F0,5.00,29.3089,27.5051,26.9993,4.9173,0.0827,0.3408,1,0.0000
156.0,F0,5.00,29.3124,27.5131,27.0182,4.9362,0.0638,0.3408,1,0.0000
157.0,F0,5.00,29.3136,27.5276,27.0385,4.9565,0.0435,0.3408,1,0.0000
158.0,F0,5.00,29.3183,27.5413,27.0534,4.9714,0.0286,0.3408,1,0.0000
159.0,F0,5.00,29.3205,27.5554,27.0738,4.9918,0.0082,0.3408,1,0.0000
160.0,F0,5.00,29.3182,27.5685,27.0959,5.0139,-0.0139,0.2984,1,0.0000
161.0,F0,5.00,29.3191,27.5868,27.1114,5.0294,-0.0294,0.2984,1,0.0000
162.0,F0,5.00,29.3202,27.6062,27.1288,5.0468,-0.0468,0.2984,1,0.0000
163.0,F0,5.00,29.3230,27.6208,27.1515,5.0695,-0.0695,0.2984,1,0.0000
164.0,F0,5.00,29.3151,27.6320,27.1688,5.0868,-0.0868,0.2984,1,0.0000
165.0,F0,5.00,29.3123,27.6393,27.1877,5.1057,-0.1057,0.2984,1,0.0000
166.0,F0,5.00,29.3046,27.6497,27.2032,5.1212,-0.1212,0.2984,1,0.0000
167.0,F0,5.00,29.3026,27.6585,27.2200,5.1380,-0.1380,0.2984,1,0.0000
168.0,F0,5.00,29.2981,27.6650,27.2417,5.1597,-0.1597,0.2984,1,0.0000
169.0,F0,5.00,29.2929,27.6733,27.2544,5.1724,-0.1724,0.2984,1,0.0000
170.0,F0,5.00,29.2858,27.6796,27.2698,5.1878,-0.1878,0.2636,1,0.0000
171.0,F0,5.00,29.2783,27.6913,27.2838,5.2018,-0.2018,0.2636,1,0.0000
172.0,F0,5.00,29.2757,27.6947,27.2947,5.2127,-0.2127,0.2636,1,0.0000
173.0,F0,5.00,29.2714,27.6980,27.3022,5.2202,-0.2202,0.2636,1,0.0000
174.0,F0,5.00,29.2587,27.6969,27.3082,5.2262,-0.2262,0.2636,1,0.0000
175.0,F0,5.00,29.2421,27.7018,27.3211,5.2391,-0.2391,0.2636,1,0.0000
176.0,F0,5.00,29.2368,27.7102,27.3278,5.2458,-0.2458,0.2636,1,0.0000
177.0,F0,5.00,29.2249,27.7091,27.3416,5.2596,-0.2596,0.2636,1,0.0000
178.0,F0,5.00,29.2156,27.7166,27.3535,5.2715,-0.2715,0.2636,1,0.0000
179.0,F0,5.00,29.2056,27.7212,27.3620,5.2800,-0.2800,0.2636,1,0.0000
180.0,F0,5.00,29.1969,27.7263,27.3734,5.2914,-0.2914,0.2429,1,0.0000
181.0,F0,5.00,29.1862,27.7279,27.3794,5.2974,-0.2974,0.2429,1,0.0000
182.0,F0,5.00,29.1799,27.7312,27.3875,5.3055,-0.3055,0.2429,1,0.0000
183.0,F0,5.00,29.1720,27.7306,27.3988,5.3168,-0.3168,0.2429,1,0.0000
184.0,F0,5.00,29.1674,27.7343,27.4112,5.3292,-0.3292,0.2429,1,0.0000
185.0,F0,5.00,29.1542,27.7359,27.4208,5.3388,-0.3388,0.2429,1,0.0000
186.0,F0,5.00,29.1427,27.7414,27.4336,5.3516,-0.3516,0.2429,1,0.0000
187.0,F0,5.00,29.1292,27.7403,27.4416,5.3596,-0.3596,0.2429,1,0.0000
188.0,F0,5.00,29.1186,27.7401,27.4532,5.3712,-0.3712,0.2429,1,0.0000
189.0,F0,5.00,29.1076,27.7437,27.4623,5.3803,-0.3803,0.2429,1,0.0000
190.0,F0,5.00,29.0974,27.7448,27.4715,5.3895,-0.3895,0.2233,1,0.0000
191.0,F0,5.00,29.0891,27.7457,27.4822,5.4002,-0.4002,0.2233,1,0.0000
192.0,F0,5.00,29.0756,27.7492,27.4930,5.4109,-0.4109,0.2233,1,0.0000
193.0,F0,5.00,29.0691,27.7519,27.4968,5.4148,-0.4148,0.2233,1,0.0000
194.0,F0,5.00,29.0614,27.7531,27.5063,5.4243,-0.4243,0.2233,1,0.0000
195.0,F0,5.00,29.0501,27.7537,27.5121,5.4301,-0.4301,0.2233,1,0.0000
196.0,F0,5.00,29.0370,27.7475,27.5190,5.4370,-0.4370,0.2233,1,0.0000
197.0,F0,5.00,29.0265,27.7446,27.5257,5.4437,-0.4437,0.2233,1,0.0000
198.0,F0,5.00,29.0138,27.7466,27.5279,5.4459,-0.4459,0.2233,1,0.0000
199.0,F0,5.00,29.0005,27.7458,27.5359,5.4539,-0.4539,0.2233,1,0.0000
200.0,F0,5.00,28.9907,27.7459,27.5419,5.4599,-0.4599,0.2092,1,0.0000
201.0,F0,5.00,28.9780,27.7489,27.5482,5.4662,-0.4662,0.2092,1,0.0000
202.0,F0,5.00,28.9663,27.7569,27.5574,5.4754,-0.4754,0.2092,1,0.0000
203.0,F0,5.00,28.9520,27.7555,27.5675,5.4855,-0.4855,0.2092,1,0.0000
204.0,F0,5.00,28.9362,27.7532,27.5721,5.4901,-0.4901,0.2092,1,0.0000
205.0,F0,5.00,28.9210,27.7470,27.5775,5.4955,-0.4955,0.2092,1,0.0000
206.0,F0,5.00,28.9065,27.7410,27.5773,5.4953,-0.4953,0.2092,1,0.0000
207.0,F0,5.00,28.8894,27.7335,27.5823,5.5003,-0.5003,0.2092,1,0.0000
208.0,F0,5.00,28.8864,27.7358,27.5848,5.5028,-0.5028,0.2092,0,0.0000
209.0,F0,5.00,28.8716,27.7308,27.5868,5.5048,-0.5048,0.2092,0,0.0000
210.0,F0,5.00,28.8690,27.7320,27.5927,5.5107,-0.5107,0.1991,0,0.0000
211.0,F0,5.00,28.8661,27.7325,27.5998,5.5178,-0.5178,0.1991,0,0.0000
212.0,F0,5.00,28.8642,27.7373,27.6063,5.5243,-0.5243,0.1991,0,0.0000
213.0,F0,5.00,28.8637,27.7399,27.6165,5.5345,-0.5345,0.1991,0,0.0000
214.0,F0,5.00,28.8655,27.7407,27.6206,5.5386,-0.5386,0.1991,0,0.0000
215.0,F0,5.00,28.8572,27.7451,27.6255,5.5435,-0.5435,0.1991,0,0.0000
216.0,F0,5.00,28.8540,27.7441,27.6277,5.5457,-0.5457,0.1991,0,0.0000
217.0,F0,5.00,28.8512,27.7452,27.6263,5.5443,-0.5443,0.1991,0,0.0000
218.0,F0,5.00,28.8436,27.7513,27.6258,5.5438,-0.5438,0.1991,0,0.0000
219.0,F0,5.00,28.8352,27.7502,27.6285,5.5465,-0.5465,0.1991,0,0.0000
220.0,F0,5.00,28.8287,27.7480,27.6238,5.5418,-0.5418,0.1928,0,0.0000
221.0,F0,5.00,28.8118,27.7430,27.6253,5.5433,-0.5433,0.1928,0,0.0000
222.0,F0,5.00,28.7983,27.7363,27.6233,5.5413,-0.5413,0.1928,0,0.0000
223.0,F0,5.00,28.7834,27.7363,27.6274,5.5454,-0.5454,0.1928,0,0.0000
224.0,F0,5.00,28.7728,27.7331,27.6288,5.5468,-0.5468,0.1928,0,0.0000
225.0,F0,5.00,28.7610,27.7312,27.6301,5.5481,-0.5481,0.1928,0,0.0000
226.0,F0,5.00,28.7532,27.7308,27.6299,5.5479,-0.5479,0.1928,0,0.0000
227.0,F0,5.00,28.7435,27.7267,27.6303,5.5483,-0.5483,0.1928,0,0.0000
228.0,F0,5.00,28.7371,27.7240,27.6294,5.5474,-0.5474,0.1928,0,0.0000
229.0,F0,5.00,28.7234,27.7179,27.6295,5.5475,-0.5475,0.1928,0,0.0000
230.0,F0,5.00,28.7108,27.7096,27.6297,5.5477,-0.5477,0.1917,0,0.0000
231.0,F0,5.00,28.7038,27.7110,27.6324,5.5504,-0.5504,0.1917,0,0.0000
232.0,F0,5.00,28.6954,27.7062,27.6319,5.5499,-0.5499,0.1917,0,0.0000
233.0,F0,5.00,28.6917,27.7054,27.6338,5.5518,-0.5518,0.1917,0,0.0000
234.0,F0,5.00,28.6901,27.7036,27.6358,5.5538,-0.5538,0.1917,0,0.0000
235.0,F0,5.00,28.6856,27.7018,27.6352,5.5532,-0.5532,0.1917,0,0.0000
236.0,F0,5.00,28.6735,27.6951,27.6330,5.5510,-0.5510,0.1917,0,0.0000
237.0,F0,5.00,28.6657,27.6963,27.6278,5.5458,-0.5458,0.1917,0,0.0000
238.0,F0,5.00,28.6555,27.6925,27.6238,5.5418,-0.5418,0.1917,0,0.0000
239.0,F0,5.00,28.6486,27.6885,27.6130,5.5310,-0.5310,0.1917,0,0.0000
240.0,F0,5.00,28.6398,27.6807,27.6055,5.5235,-0.5235,0.1965,0,0.0000
241.0,F0,5.00,28.6266,27.6754,27.6019,5.5199,-0.5199,0.1965,0,0.0000
242.0,F0,5.00,28.6154,27.6690,27.5982,5.5162,-0.5162,0.1965,0,0.0000
243.0,F0,5.00,28.6012,27.6612,27.5894,5.5074,-0.5074,0.1965,0,0.0000
244.0,F0,5.00,28.5919,27.6552,27.5793,5.4973,-0.4973,0.1965,0,0.0000
245.0,F0,5.00,28.5831,27.6500,27.5736,5.4916,-0.4916,0.1965,0,0.0000
246.0,F0,5.00,28.5775,27.6462,27.5712,5.4892,-0.4892,0.1965,0,0.0000
247.0,F0,5.00,28.5683,27.6411,27.5656,5.4836,-0.4836,0.1965,0,0.0000
248.0,F0,5.00,28.5587,27.6327,27.5656,5.4836,-0.4836,0.1965,0,0.0000
249.0,F0,5.00,28.5450,27.6234,27.5629,5.4809,-0.4809,0.1965,0,0.0000
250.0,F0,5.00,28.5328,27.6181,27.5598,5.4778,-0.4778,0.2057,0,0.0000
251.0,F0,5.00,28.5198,27.6154,27.5591,5.4771,-0.4771,0.2057,0,0.0000
252.0,F0,5.00,28.5152,27.6090,27.5546,5.4726,-0.4726,0.2057,0,0.0000
253.0,F0,5.00,28.5102,27.6027,27.5522,5.4702,-0.4702,0.2057,0,0.0000
254.0,F0,5.00,28.5044,27.5961,27.5511,5.4691,-0.4691,0.2057,0,0.0000
255.0,F0,5.00,28.4966,27.5908,27.5500,5.4680,-0.4680,0.2057,0,0.0000
256.0,F0,5.00,28.4797,27.5914,27.5441,5.4621,-0.4621,0.2057,0,0.0000
257.0,F0,5.00,28.4741,27.5771,27.5379,5.4559,-0.4559,0.2057,0,0.0000
258.0,F0,5.00,28.4693,27.5685,27.5333,5.4513,-0.4513,0.2057,0,0.0000
259.0,F0,5.00,28.4555,27.5599,27.5305,5.4485,-0.4485,0.2057,0,0.0000
260.0,F0,5.00,28.4500,27.5591,27.5277,5.4457,-0.4457,0.2121,0,0.0000
261.0,F0,5.00,28.4397,27.5522,27.5203,5.4383,-0.4383,0.2121,0,0.0000
262.0,F0,5.00,28.4343,27.5421,27.5109,5.4289,-0.4289,0.2121,0,0.0000
263.0,F0,5.00,28.4308,27.5335,27.5034,5.4214,-0.4214,0.2121,0,0.0000
264.0,F0,5.00,28.4193,27.5282,27.4977,5.4157,-0.4157,0.2121,0,0.0000
265.0,F0,5.00,28.4114,27.5219,27.4896,5.4076,-0.4076,0.2121,0,0.0000
266.0,F0,5.00,28.4082,27.5181,27.4861,5.4041,-0.4041,0.2121,0,0.0000
267.0,F0,5.00,28.4026,27.5126,27.4791,5.3971,-0.3971,0.2121,0,0.0000
268.0,F0,5.00,28.3945,27.5038,27.4754,5.3934,-0.3934,0.2121,0,0.0000
269.0,F0,5.00,28.3869,27.4995,27.4742,5.3922,-0.3922,0.2121,0,0.0000
270.0,F0,5.00,28.3846,27.4930,27.4727,5.3907,-0.3907,0.2231,0,0.0000
271.0,F0,5.00,28.3779,27.4892,27.4710,5.3890,-0.3890,0.2231,0,0.0000
272.0,F0,5.00,28.3736,27.4882,27.4719,5.3899,-0.3899,0.2231,0,0.0000
273.0,F0,5.00,28.3736,27.4852,27.4705,5.3885,-0.3885,0.2231,0,0.0000
274.0,F0,5.00,28.3716,27.4797,27.4660,5.3840,-0.3840,0.2231,0,0.0000
275.0,F0,5.00,28.3686,27.4781,27.4625,5.3805,-0.3805,0.2231,0,0.0000
276.0,F0,5.00,28.3609,27.4713,27.4585,5.3765,-0.3765,0.2231,0,0.0000
277.0,F0,5.00,28.3593,27.4596,27.4551,5.3731,-0.3731,0.2231,0,0.0000
278.0,F0,5.00,28.3504,27.4591,27.4505,5.3685,-0.3685,0.2231,0,0.0000
279.0,F0,5.00,28.3448,27.4516,27.4465,5.3645,-0.3645,0.2231,0,0.0000
280.0,F0,5.00,28.3403,27.4487,27.4407,5.3587,-0.3587,0.2295,0,0.0000
281.0,F0,5.00,28.3369,27.4428,27.4366,5.3546,-0.3546,0.2295,0,0.0000
282.0,F0,5.00,28.3303,27.4392,27.4331,5.3511,-0.3511,0.2295,0,0.0000
283.0,F0,5.00,28.3308,27.4379,27.4286,5.3466,-0.3466,0.2295,0,0.0000
284.0,F0,5.00,28.3268,27.4363,27.4258,5.3437,-0.3437,0.2295,0,0.0000
285.0,F0,5.00,28.3165,27.4279,27.4251,5.3431,-0.3431,0.2295,0,0.0000
286.0,F0,5.00,28.3204,27.4310,27.4281,5.3461,-0.3461,0.2295,0,0.0000
287.0,F0,5.00,28.3169,27.4297,27.4337,5.3517,-0.3517,0.2295,0,0.0000
288.0,F0,5.00,28.3158,27.4291,27.4348,5.3528,-0.3528,0.2295,0,0.0000
289.0,F0,5.00,28.3162,27.4334,27.4366,5.3546,-0.3546,0.2295,0,0.0000
290.0,F0,5.00,28.3214,27.4381,27.4429,5.3609,-0.3609,0.2290,0,0.0000
291.0,F0,5.00,28.3303,27.4386,27.4406,5.3586,-0.3586,0.2290,0,0.0000
292.0,F0,5.00,28.3315,27.4394,27.4416,5.3596,-0.3596,0.2290,0,0.0000
293.0,F0,5.00,28.3313,27.4372,27.4415,5.3595,-0.3595,0.2290,0,0.0000
294.0,F0,5.00,28.3308,27.4383,27.4444,5.3624,-0.3624,0.2290,0,0.0000
295.0,F0,5.00,28.3330,27.4416,27.4431,5.3611,-0.3611,0.2290,0,0.0000
296.0,F0,5.00,28.3313,27.4457,27.4408,5.3588,-0.3588,0.2290,0,0.0000
297.0,F0,5.00,28.3268,27.4425,27.4368,5.3548,-0.3548,0.2290,0,0.0000
298.0,F0,5.00,28.3290,27.4382,27.4237,5.3417,-0.3417,0.2290,0,0.0000
299.0,F0,5.00,28.3179,27.4294,27.4131,5.3311,-0.3311,0.2290,0,0.0000
300.0,F0,5.00,28.3068,27.4160,27.4032,5.3212,-0.3212,0.2370,0,0.0000
301.0,F0,5.00,28.2919,27.4059,27.4040,5.3220,-0.3220,0.2370,0,0.0000
302.0,F0,5.00,28.2821,27.3962,27.3926,5.3106,-0.3106,0.2370,0,0.0000
