run_file,phase,method,r,t_phase,e_ss,IAE,ISE,TV,n_on,n_h,t5,c_p,c_pp,E
run_113740_m2.csv,F1,2,10.00,400,0.558,694.18,2273.35,2.713,12,108.0,390,0.732,5.663,595.2
run_113740_m2.csv,F2,2,7.00,240,-0.563,447.40,1156.56,2.000,1,15.0,not_reached,3.376,4.009,76.8
run_113740_m2.csv,F3,2,7.00,480,0.023,220.88,132.32,5.000,2,15.0,not_reached,0.941,1.571,384.0
run_121819_m6.csv,F1,6,10.00,400,2.390,1071.10,3325.89,1.603,349,3141.0,not_reached,-1.516,3.411,449.2
run_121819_m6.csv,F2,6,7.00,240,1.529,232.96,315.69,0.956,159,2385.0,not_reached,0.543,2.341,85.5
run_121819_m6.csv,F3,6,7.00,480,1.469,728.43,1110.04,0.222,478,3584.9,not_reached,-1.361,0.405,310.5
run_124740_m6.csv,F1,6,10.00,400,1.338,833.70,2628.93,2.072,259,2331.0,not_reached,-0.405,4.570,511.4
run_124740_m6.csv,F2,6,7.00,240,0.680,262.76,354.56,1.121,100,1500.0,not_reached,1.846,3.070,73.3
run_124740_m6.csv,F3,6,7.00,480,0.732,365.08,285.81,0.720,477,3577.5,not_reached,-0.518,0.644,310.5
run_091647_m9.csv,F1,9,10.00,400,9.903,3965.75,39318.03,0.000,0,0.0,not_reached,-9.893,0.037,768.0
run_091647_m9.csv,F2,9,7.00,240,6.904,1657.67,11449.47,0.000,0,0.0,not_reached,-6.895,0.020,460.8
run_091647_m9.csv,F3,9,7.00,480,6.680,3246.13,21956.74,0.000,0,0.0,not_reached,-6.662,0.248,921.6
run_111746_m9.csv,F1,9,10.00,400,-1.187,775.24,2277.22,2.309,162,1458.0,370,2.166,6.850,492.9
run_111746_m9.csv,F2,9,7.00,240,0.056,312.65,611.34,0.887,50,750.0,not_reached,2.835,3.764,17.2
run_111746_m9.csv,F3,9,7.00,480,0.003,166.09,115.88,1.006,477,3577.5,120,0.207,1.326,312.1
run_120127_m10.csv,F1,10,10.00,400,0.664,610.24,1916.50,2.181,292,2628.0,390,0.078,4.693,488.8
run_120127_m10.csv,F2,10,7.00,240,-0.522,371.67,837.32,1.057,90,1350.0,180,2.879,3.081,46.1
run_120127_m10.csv,F3,10,7.00,480,-0.140,84.91,20.18,0.804,477,3577.5,0,0.401,0.689,291.6
